/*!40101 SET @OLD_CHARACTER_SET_CLIENT=@@CHARACTER_SET_CLIENT */;
/*!40101 SET NAMES utf8 */;
/*!50503 SET NAMES utf8mb4 */;
/*!40014 SET @OLD_FOREIGN_KEY_CHECKS=@@FOREIGN_KEY_CHECKS, FOREIGN_KEY_CHECKS=0 */;
/*!40101 SET @OLD_SQL_MODE=@@SQL_MODE, SQL_MODE='NO_AUTO_VALUE_ON_ZERO' */;

DROP DATABASE IF EXISTS `app`;
CREATE DATABASE IF NOT EXISTS `app` /*!40100 DEFAULT CHARACTER SET utf8 COLLATE utf8_unicode_ci */ /*!80016 DEFAULT ENCRYPTION='N' */;
USE `app`;

DROP TABLE IF EXISTS `administrator`;
CREATE TABLE IF NOT EXISTS `administrator` (
  `administrator_id` int unsigned NOT NULL AUTO_INCREMENT,
  `username` varchar(32) NOT NULL DEFAULT '0',
  `password_hash` varchar(128) NOT NULL DEFAULT '0',
  PRIMARY KEY (`administrator_id`),
  UNIQUE KEY `uq_administrator_username` (`username`)
) ENGINE=InnoDB AUTO_INCREMENT=8 DEFAULT CHARSET=utf8mb4 COLLATE=utf8mb4_0900_ai_ci;

DELETE FROM `administrator`;
/*!40000 ALTER TABLE `administrator` DISABLE KEYS */;
INSERT INTO `administrator` (`administrator_id`, `username`, `password_hash`) VALUES
	(1, 'Aleksandar', '74A0DE079AD9E22B75182547C82552721471A587756E0638B9A320469A12CC801D2A69D2AB73ED8F748E9F03D7FBE4E1701E992BF59C54115F51D604100D8E4A'),
	(2, 'Aleksandar1', 'KDWI213981294824KJDW9wd898wdWd'),
	(3, 'pperic', '6A4C0DC4FCC43BDEA28963DF73E4F8351BCDAE08FDA1516234E8D764AF8178A610BCCA2813D204DFF92A43F0511EB0016C7682CCF7B343D99E01739FC26EF104'),
	(4, 'mmilic', 'E2B97284666309313BC113D5288DC84DBDCD11016E92153087DCD6D2BC3479871A24A564942387E931BE5CC79836843D90F327474B5DA4AA5B1DE0A23200FA8F'),
	(5, 'admin', 'C7AD44CBAD762A5DA0A452F9E854FDC1E0E7A52A38015F23F3EAB1D80B931DD472634DFAC71CD34EBC35D16AB7FB8A90C81F975113D6C7538DC69DD8DE9077EC'),
	(6, 'test', 'EE26B0DD4AF7E749AA1A8EE3C10AE9923F618980772E473F8819A5D4940E0DB27AC185F8A0E1D5F84F88BC887FD67B143732C304CC5FA9AD8E6F57F50028A8FF');
/*!40000 ALTER TABLE `administrator` ENABLE KEYS */;

DROP TABLE IF EXISTS `administrator_token`;
CREATE TABLE IF NOT EXISTS `administrator_token` (
  `administrator_token_id` int unsigned NOT NULL AUTO_INCREMENT,
  `administrator_id` int unsigned NOT NULL,
  `created_at` timestamp NOT NULL DEFAULT CURRENT_TIMESTAMP,
  `token` text NOT NULL,
  `expires_at` datetime NOT NULL,
  `is_valid` tinyint unsigned NOT NULL DEFAULT '1',
  PRIMARY KEY (`administrator_token_id`),
  KEY `fk_administrator_token_administrator_id` (`administrator_id`),
  CONSTRAINT `fk_administrator_token_administrator_id` FOREIGN KEY (`administrator_id`) REFERENCES `administrator` (`administrator_id`) ON UPDATE CASCADE
) ENGINE=InnoDB DEFAULT CHARSET=utf8mb4 COLLATE=utf8mb4_0900_ai_ci;

DELETE FROM `administrator_token`;
/*!40000 ALTER TABLE `administrator_token` DISABLE KEYS */;
/*!40000 ALTER TABLE `administrator_token` ENABLE KEYS */;

DROP TABLE IF EXISTS `article`;
CREATE TABLE IF NOT EXISTS `article` (
  `article_id` int unsigned NOT NULL AUTO_INCREMENT,
  `name` varchar(128) NOT NULL DEFAULT '0',
  `category_id` int unsigned NOT NULL DEFAULT '0',
  `excerpt` varchar(255) NOT NULL DEFAULT '0',
  `description` text NOT NULL,
  `status` enum('dostupno','nije dostupno') NOT NULL DEFAULT 'dostupno',
  PRIMARY KEY (`article_id`),
  KEY `fk_article_category_id` (`category_id`),
  CONSTRAINT `fk_article_category_id` FOREIGN KEY (`category_id`) REFERENCES `category` (`category_id`) ON UPDATE CASCADE
) ENGINE=InnoDB AUTO_INCREMENT=29 DEFAULT CHARSET=utf8mb4 COLLATE=utf8mb4_0900_ai_ci;

DELETE FROM `article`;
/*!40000 ALTER TABLE `article` DISABLE KEYS */;
INSERT INTO `article` (`article_id`, `name`, `category_id`, `excerpt`, `description`, `status`) VALUES
	(20, 'Ljuti', 1, '', 'ljuti', 'dostupno'),
	(21, 'ljuti ajvar', 1, '0', 'Neki duzi tekst', 'dostupno'),
	(22, 'Sljiva', 2, '0', 'Dzem od sljive', 'dostupno'),
	(23, 'Kupina', 3, '0', 'Slatko od kupine', 'dostupno'),
	(24, 'Krastavac', 4, '0', 'Kiseli krastavac', 'dostupno'),
	(25, 'Listovi', 5, '0', 'Listovi kiselog kupusa', 'dostupno'),
	(26, 'Seckani', 5, '0', 'Rendani kiseo kupus', 'dostupno'),
	(27, 'Kajsija', 2, '0', 'Dzem od kajsije', 'dostupno'),
	(28, 'Blagi', 1, '0', 'Blagi ajvar', 'dostupno');
/*!40000 ALTER TABLE `article` ENABLE KEYS */;

DROP TABLE IF EXISTS `article_feature`;
CREATE TABLE IF NOT EXISTS `article_feature` (
  `article_feature_id` int unsigned NOT NULL AUTO_INCREMENT,
  `article_id` int unsigned NOT NULL DEFAULT '0',
  `feature_id` int unsigned NOT NULL DEFAULT '0',
  `value` varchar(255) NOT NULL DEFAULT '0',
  PRIMARY KEY (`article_feature_id`),
  UNIQUE KEY `uq_article_feature_article_id_feature_id` (`article_id`,`feature_id`),
  KEY `fk_article_feature_feature_id` (`feature_id`),
  KEY `fk_article_feature_article_id` (`article_id`),
  CONSTRAINT `fk_article_feature_article_id` FOREIGN KEY (`article_id`) REFERENCES `article` (`article_id`) ON UPDATE CASCADE,
  CONSTRAINT `fk_article_feature_feature_id` FOREIGN KEY (`feature_id`) REFERENCES `feature` (`feature_id`) ON UPDATE CASCADE
) ENGINE=InnoDB AUTO_INCREMENT=5 DEFAULT CHARSET=utf8mb4 COLLATE=utf8mb4_0900_ai_ci;

DELETE FROM `article_feature`;
/*!40000 ALTER TABLE `article_feature` DISABLE KEYS */;
INSERT INTO `article_feature` (`article_feature_id`, `article_id`, `feature_id`, `value`) VALUES
	(1, 21, 1, 'Ajvar'),
	(2, 21, 3, 'Ajvar1'),
	(3, 26, 1, 'Kupus'),
	(4, 28, 5, 'Blagi ajvar');
/*!40000 ALTER TABLE `article_feature` ENABLE KEYS */;

DROP TABLE IF EXISTS `article_price`;
CREATE TABLE IF NOT EXISTS `article_price` (
  `article_price_id` int unsigned NOT NULL AUTO_INCREMENT,
  `article_id` int unsigned NOT NULL,
  `price` decimal(10,0) unsigned NOT NULL DEFAULT '0',
  PRIMARY KEY (`article_price_id`),
  KEY `fk_article_price_article_id` (`article_id`),
  CONSTRAINT `fk_article_price_article_id` FOREIGN KEY (`article_id`) REFERENCES `article` (`article_id`) ON UPDATE CASCADE
) ENGINE=InnoDB AUTO_INCREMENT=9 DEFAULT CHARSET=utf8mb4 COLLATE=utf8mb4_0900_ai_ci;

DELETE FROM `article_price`;
/*!40000 ALTER TABLE `article_price` DISABLE KEYS */;
INSERT INTO `article_price` (`article_price_id`, `article_id`, `price`) VALUES
	(1, 21, 300),
	(2, 22, 150),
	(3, 23, 170),
	(4, 24, 100),
	(5, 25, 80),
	(6, 26, 86),
	(7, 27, 200),
	(8, 28, 400);
/*!40000 ALTER TABLE `article_price` ENABLE KEYS */;

DROP TABLE IF EXISTS `cart`;
CREATE TABLE IF NOT EXISTS `cart` (
  `cart_id` int unsigned NOT NULL AUTO_INCREMENT,
  `user_id` int unsigned NOT NULL DEFAULT '0',
  `created_at` timestamp NOT NULL DEFAULT CURRENT_TIMESTAMP,
  PRIMARY KEY (`cart_id`),
  KEY `fk_cart_user_id` (`user_id`),
  CONSTRAINT `fk_cart_cart_id` FOREIGN KEY (`cart_id`) REFERENCES `order` (`cart_id`) ON UPDATE CASCADE,
  CONSTRAINT `fk_cart_user_id` FOREIGN KEY (`user_id`) REFERENCES `user` (`user_id`) ON UPDATE CASCADE
) ENGINE=InnoDB DEFAULT CHARSET=utf8mb4 COLLATE=utf8mb4_0900_ai_ci;

DELETE FROM `cart`;
/*!40000 ALTER TABLE `cart` DISABLE KEYS */;
/*!40000 ALTER TABLE `cart` ENABLE KEYS */;

DROP TABLE IF EXISTS `cart_article`;
CREATE TABLE IF NOT EXISTS `cart_article` (
  `cart_article_id` int unsigned NOT NULL AUTO_INCREMENT,
  `cart_id` int unsigned NOT NULL DEFAULT '0',
  `article_id` int unsigned NOT NULL DEFAULT '0',
  `quantity` int unsigned NOT NULL DEFAULT '0',
  PRIMARY KEY (`cart_article_id`),
  UNIQUE KEY `uq_cart_article_cart_id_article_id` (`cart_id`,`article_id`),
  KEY `fk_cart_article_article_id` (`article_id`),
  KEY `fk_cart_article_cart_id` (`cart_id`),
  CONSTRAINT `fk_cart_article_article_id` FOREIGN KEY (`article_id`) REFERENCES `article` (`article_id`) ON UPDATE CASCADE,
  CONSTRAINT `fk_cart_article_cart_id` FOREIGN KEY (`cart_id`) REFERENCES `cart` (`cart_id`) ON UPDATE CASCADE
) ENGINE=InnoDB DEFAULT CHARSET=utf8mb4 COLLATE=utf8mb4_0900_ai_ci;

DELETE FROM `cart_article`;
/*!40000 ALTER TABLE `cart_article` DISABLE KEYS */;
/*!40000 ALTER TABLE `cart_article` ENABLE KEYS */;

DROP TABLE IF EXISTS `category`;
CREATE TABLE IF NOT EXISTS `category` (
  `category_id` int unsigned NOT NULL AUTO_INCREMENT,
  `name` varchar(32) NOT NULL DEFAULT '0',
  `image_path` varchar(128) NOT NULL DEFAULT '0',
  PRIMARY KEY (`category_id`),
  UNIQUE KEY `uq_category_name` (`name`),
  UNIQUE KEY `uq_category_image_path` (`image_path`)
) ENGINE=InnoDB AUTO_INCREMENT=8 DEFAULT CHARSET=utf8mb4 COLLATE=utf8mb4_0900_ai_ci;

DELETE FROM `category`;
/*!40000 ALTER TABLE `category` DISABLE KEYS */;
INSERT INTO `category` (`category_id`, `name`, `image_path`) VALUES
	(1, 'Ajvar', 'assets/ajvar.jpg'),
	(2, 'Dzem', 'assets/dzem.jpg'),
	(3, 'Slatko', 'assets/slatko.jpg'),
	(4, 'Tursija', 'assets/tursija.jpg'),
	(5, 'Kupus', 'assets/kupus.jpg');
/*!40000 ALTER TABLE `category` ENABLE KEYS */;

DROP TABLE IF EXISTS `feature`;
CREATE TABLE IF NOT EXISTS `feature` (
  `feature_id` int unsigned NOT NULL AUTO_INCREMENT,
  `name` varchar(32) NOT NULL DEFAULT '0',
  `category_id` int unsigned NOT NULL DEFAULT '0',
  PRIMARY KEY (`feature_id`),
  UNIQUE KEY `uq_feature_name_category_id` (`name`,`category_id`),
  KEY `fk_feature_category_id` (`category_id`),
  CONSTRAINT `fk_feature_category_id` FOREIGN KEY (`category_id`) REFERENCES `category` (`category_id`) ON UPDATE CASCADE
) ENGINE=InnoDB AUTO_INCREMENT=6 DEFAULT CHARSET=utf8mb4 COLLATE=utf8mb4_0900_ai_ci;

DELETE FROM `feature`;
/*!40000 ALTER TABLE `feature` DISABLE KEYS */;
INSERT INTO `feature` (`feature_id`, `name`, `category_id`) VALUES
	(3, 'Nacin spremanja', 1),
	(2, 'Sastojci', 1),
	(1, 'Tip', 1),
	(5, 'Ukus', 2),
	(4, 'Velicina', 2);
/*!40000 ALTER TABLE `feature` ENABLE KEYS */;

DROP TABLE IF EXISTS `order`;
CREATE TABLE IF NOT EXISTS `order` (
  `order_id` int unsigned NOT NULL AUTO_INCREMENT,
  `cart_id` int unsigned NOT NULL DEFAULT '0',
  `status` enum('prihvacena','odbijena','na cekanju') NOT NULL DEFAULT 'na cekanju',
  PRIMARY KEY (`order_id`),
  KEY `cart_id` (`cart_id`)
) ENGINE=InnoDB DEFAULT CHARSET=utf8mb4 COLLATE=utf8mb4_0900_ai_ci;

DELETE FROM `order`;
/*!40000 ALTER TABLE `order` DISABLE KEYS */;
/*!40000 ALTER TABLE `order` ENABLE KEYS */;

DROP TABLE IF EXISTS `photo`;
CREATE TABLE IF NOT EXISTS `photo` (
  `photo_id` int unsigned NOT NULL AUTO_INCREMENT,
  `article_id` int unsigned NOT NULL DEFAULT '0',
  `image_path` varchar(128) NOT NULL DEFAULT '0',
  PRIMARY KEY (`photo_id`),
  UNIQUE KEY `uq_photo_image_path` (`image_path`),
  KEY `fk_photo_article_id` (`article_id`),
  CONSTRAINT `fk_photo_article_id` FOREIGN KEY (`article_id`) REFERENCES `article` (`article_id`) ON UPDATE CASCADE
) ENGINE=InnoDB AUTO_INCREMENT=14 DEFAULT CHARSET=utf8mb4 COLLATE=utf8mb4_0900_ai_ci;

DELETE FROM `photo`;
/*!40000 ALTER TABLE `photo` DISABLE KEYS */;
INSERT INTO `photo` (`photo_id`, `article_id`, `image_path`) VALUES
	(13, 21, '202079-undefined-shoess.png');
/*!40000 ALTER TABLE `photo` ENABLE KEYS */;

DROP TABLE IF EXISTS `user`;
CREATE TABLE IF NOT EXISTS `user` (
  `user_id` int unsigned NOT NULL AUTO_INCREMENT,
  `email` varchar(255) NOT NULL DEFAULT '0',
  `password_hash` varchar(128) NOT NULL DEFAULT '0',
  `forename` varchar(64) NOT NULL DEFAULT '0',
  `surname` varchar(64) NOT NULL DEFAULT '0',
  `phone_number` varchar(24) NOT NULL DEFAULT '0',
  `postal_address` text NOT NULL,
  PRIMARY KEY (`user_id`),
  UNIQUE KEY `uq_user_email` (`email`),
  UNIQUE KEY `uq_user_phone_number` (`phone_number`)
) ENGINE=InnoDB AUTO_INCREMENT=4 DEFAULT CHARSET=utf8mb4 COLLATE=utf8mb4_0900_ai_ci;

DELETE FROM `user`;
/*!40000 ALTER TABLE `user` DISABLE KEYS */;
INSERT INTO `user` (`user_id`, `email`, `password_hash`, `forename`, `surname`, `phone_number`, `postal_address`) VALUES
	(1, 'test@test.com', 'DDAF35A193617ABACC417349AE20413112E6FA4E89A97EA20A9EEEE64B55D39A2192992A274FC1A836BA3C23A3FEEBBD454D4423643CE80E2A9AC94FA54CA49F', 'Pera', 'Peric', '+3811234567', 'Nepoznata adresa');
/*!40000 ALTER TABLE `user` ENABLE KEYS */;

DROP TABLE IF EXISTS `user_token`;
CREATE TABLE IF NOT EXISTS `user_token` (
  `user_token_id` int unsigned NOT NULL AUTO_INCREMENT,
  `user_id` int unsigned NOT NULL,
  `token` text NOT NULL,
  `expires_at` datetime NOT NULL,
  `is_valid` tinyint unsigned NOT NULL DEFAULT '1',
  PRIMARY KEY (`user_token_id`),
  KEY `user_id` (`user_id`),
  CONSTRAINT `fk_user_token_user_id` FOREIGN KEY (`user_id`) REFERENCES `user` (`user_id`) ON UPDATE CASCADE
) ENGINE=InnoDB DEFAULT CHARSET=utf8mb4 COLLATE=utf8mb4_0900_ai_ci;

DELETE FROM `user_token`;
/*!40000 ALTER TABLE `user_token` DISABLE KEYS */;
/*!40000 ALTER TABLE `user_token` ENABLE KEYS */;

/*!40101 SET SQL_MODE=IFNULL(@OLD_SQL_MODE, '') */;
/*!40014 SET FOREIGN_KEY_CHECKS=IF(@OLD_FOREIGN_KEY_CHECKS IS NULL, 1, @OLD_FOREIGN_KEY_CHECKS) */;
/*!40101 SET CHARACTER_SET_CLIENT=@OLD_CHARACTER_SET_CLIENT */;
